,Address,Price,Details,Links
0,"1516 W 78th Street, 1516 W 78th St #3B, Chicago, IL 60620","$1,180/mo","2 bds 1 ba 1,001 sqft",https://www.zillow.com/apartments/chicago-il/1516-w-78th-street/9RzfVm/
1,"5427-29 S. University Ave., 5427-29 S University Ave #5427-A3, Chicago, IL 60615","$2,150/mo",2 bds 1 ba-- sqft,https://www.zillow.com/apartments/chicago-il/5427.dash.29-s.-university-ave./BWJMCH/
2,"540 N State St, Chicago, IL","$2,243+ Studio","$2,503+ 1 bd$2,600+ 2 bds",https://www.zillow.com/apartments/chicago-il/grand-plaza/5Xgyyd/
3,"6720 N. Sheridan, 6720 N Sheridan Rd, Chicago, IL 60626","$5,000+/mo",Studio 1 ba-- sqft,https://www.zillow.com/apartments/chicago-il/6720-n.-sheridan/Brx7/
4,"Optima Lakeview | 3478 N Broadway St, Chicago, IL","$2,775+ 1 bd","$4,500+ 2 bds$5,800+ 3 bds",https://www.zillow.com/apartments/chicago-il/optima-lakeview/BMfHjs/
5,"2104-24 W. Farragut Ave., 2104 W Farragut Ave #2116-A1, Chicago, IL 60625","$1,295/mo",1 bd 1 ba 571 sqft,https://www.zillow.com/apartments/chicago-il/2104.dash.24-w.-farragut-ave./5Xh4FR/
6,"1101 W. Columbia, 1101 W Columbia Ave, Chicago, IL 60626","$5,000+/mo",Studio 1 ba-- sqft,https://www.zillow.com/apartments/chicago-il/1101-w.-columbia/5XdnMR/
7,"Trailhead | 1744 N Western Ave, Chicago, IL","$2,397+ 1 bd",,https://www.zillow.com/apartments/chicago-il/trailhead/9S5L4t/
8,"Foundry | 1475 N Kingsbury St, Chicago, IL","$2,279+ Studio","$2,499+ 1 bd$3,995+ 2 bds",https://www.zillow.com/apartments/chicago-il/foundry/C76jxC/
9,"1837 W. Patterson, 1837 W Patterson Ave, Chicago, IL 60613","$5,000+/mo",Studio 1 ba-- sqft,https://www.zillow.com/apartments/chicago-il/1837-w.-patterson/5XcfXr/
10,"1647 N. Milwaukee, 1647 N Milwaukee Ave #205, Chicago, IL 60647","$2,650/mo",1 bd 1 ba 761 sqft,https://www.zillow.com/apartments/chicago-il/1647-n.-milwaukee/BgtT/
11,"Linkt Apartments | 830 N Milwaukee Ave, Chicago, IL","$2,196+ 1 bd","$2,825+ 2 bds",https://www.zillow.com/apartments/chicago-il/linkt-apartments/9S4np6/
12,"State & Chestnut | 845 N State St, Chicago, IL","$2,265+ Studio","$2,571+ 1 bd$4,385+ 2 bds",https://www.zillow.com/apartments/chicago-il/state-%26-chestnut/Cfnb/
13,"ELEVEN THIRTY | 1130 S Michigan Ave, Chicago, IL","$1,509+ Studio","$1,879+ 1 bd$2,966+ 2 bds",https://www.zillow.com/apartments/chicago-il/eleven-thirty/5XhRHz/
14,"Nevele 22 | 1122 W Chicago Ave, Chicago, IL","$1,900+ Studio","$2,270+ 1 bd$3,225+ 2 bds$4,290+ 3 bds",https://www.zillow.com/apartments/chicago-il/nevele-22/9hjv2P/
15,"4423 North Sheridan Road | 4423 N Sheridan Rd, Chicago, IL","$1,050+ Studio",,https://www.zillow.com/apartments/chicago-il/4423-north-sheridan-road/5XjMmj/
16,"Anderson Point | 5700 N Ashland Ave, Chicago, IL","$1,850+ 1 bd","$2,550+ 2 bds",https://www.zillow.com/apartments/chicago-il/anderson-point/CPx9/
17,"2555 N Clark St | 2555 N Clark St, Chicago, IL","$2,216+ 1 bd",,https://www.zillow.com/apartments/chicago-il/2555-n-clark-st/5XdJVC/
18,"5630 North Sheridan | 5630 N Sheridan Rd, Chicago, IL","$1,150+ Studio","$1,345+ 1 bd",https://www.zillow.com/apartments/chicago-il/5630-north-sheridan/5XfZrw/
19,"1000M, 1000 S Michigan Ave, Chicago, IL 60605",Contact for Pricing,2 bds 2 ba-- sqft,https://www.zillow.com/homedetails/1000-S-Michigan-Ave-C3CACD02E-Chicago-IL-60605/2054777258_zpid/
20,"1000M, 1000 S Michigan Ave, Chicago, IL 60605",Contact for Pricing,1 bd 1 ba-- sqft,https://www.zillow.com/homedetails/1000-S-Michigan-Ave-43F9458FF-Chicago-IL-60605/2054855084_zpid/
21,"FPS Management, 6011 N Winthrop Ave #2D-6031, Chicago, IL 60660","$1,000/mo",Studio 1 ba-- sqft,https://www.zillow.com/apartments/chicago-il/fps-management/D2KQ/
22,"55 W Chestnut | 55 W Chestnut St, Chicago, IL","$1,829+ 1 bd",,https://www.zillow.com/apartments/chicago-il/55-w-chestnut/5Xf7Hd/
23,"330 S. Wells St | 330 S Wells St, Chicago, IL","$1,960+ Studio","$1,932+ 1 bd",https://www.zillow.com/apartments/chicago-il/330-s.-wells-st/9Rx2hT/
24,"The Thompson at Fulton Market | 150 N Ashland Ave, Chicago, IL","$2,155+ Studio","$2,375+ 1 bd$3,795+ 2 bds$5,100+ 3 bds",https://www.zillow.com/apartments/chicago-il/the-thompson-at-fulton-market/CHkQ9H/
25,"Optima Signature | 220 E Illinois St, Chicago, IL","$2,270+ Studio","$2,816+ 1 bd$4,104+ 2 bds$6,314+ 3 bds",https://www.zillow.com/apartments/chicago-il/optima-signature/65bFNB/
26,"3130 N Lake Shore Dr | 3130 N Lake Shore Dr, Chicago, IL","$1,615+ Studio","$1,949+ 1 bd$2,833+ 2 bds",https://www.zillow.com/apartments/chicago-il/3130-n-lake-shore-dr/F86Z/
27,"Coeval | 51 E 14th St, Chicago, IL","$1,940+ Studio","$2,105+ 1 bd$4,630+ 2 bds",https://www.zillow.com/apartments/chicago-il/coeval/9r2tm7/
28,"Coeval | 51 E 14th Pl, Chicago, IL","$1,970+ Studio","$2,365+ 1 bd$3,420+ 2 bds",https://www.zillow.com/b/coeval-chicago-il-9RwwJd/
29,"7250 N. Western Ave. Apartments | 7250 N Western Ave, Chicago, IL","$1,450+ 1 bd","$1,850+ 2 bds",https://www.zillow.com/apartments/chicago-il/7250-n.-western-ave.-apartments/5XhR5P/
30,"2970 N Sheridan | 2970 N Sheridan Rd, Chicago, IL","$1,128+ Studio",,https://www.zillow.com/apartments/chicago-il/2970-n-sheridan/5Xdjyg/
31,"515 W Barry | 515 W Barry Ave, Chicago, IL","$1,339+ Studio","$1,572+ 1 bd",https://www.zillow.com/apartments/chicago-il/515-w-barry/5XhfBW/
32,"Arcade Residences | 1135 W Sheridan Rd, Chicago, IL","$1,881+ 1 bd","$2,599+ 2 bds$3,243+ 3 bds",https://www.zillow.com/apartments/chicago-il/arcade-residences/9S6kZ2/
33,"City Club Apartments MDA | 63 E Lake St, Chicago, IL","$1,525+ Studio","$1,845+ 1 bd$2,575+ 2 bds",https://www.zillow.com/apartments/chicago-il/city-club-apartments-mda/5XgBW6/
34,"Cornelia & Stratford | 535 W Cornelia Ave, Chicago, IL","$1,256+ Studio","$4,290+ 3 bds",https://www.zillow.com/apartments/chicago-il/cornelia-%26-stratford/Cr4s/
35,"Maeve on Ashland | 133 S Ashland Ave, Chicago, IL","$2,275+ 1 bd","$2,995+ 2 bds",https://www.zillow.com/apartments/chicago-il/maeve-on-ashland/9Rx5kx/
36,"The Gallery on Wells | 637 N Wells St, Chicago, IL","$2,012+ Studio","$2,372+ 1 bd$2,961+ 2 bds$7,293+ 3 bds",https://www.zillow.com/apartments/chicago-il/the-gallery-on-wells/B6hqMJ/
37,"5252 | 5252 S Cornell Ave, Chicago, IL","$2,895+ Studio","$2,600+ 1 bd$3,700+ 2 bds",https://www.zillow.com/apartments/chicago-il/5252/BNLHmR/
38,"6454 N NW Highway, 6454 N Northwest Hwy, Chicago, IL 60631","$4,995+/mo",1 bd 1 ba-- sqft,https://www.zillow.com/apartments/chicago-il/6454-n-nw-highway/5fvqfd/
39,"727 West Madison | 727 W Madison St, Chicago, IL","$2,120+ Studio","$2,790+ 1 bd$4,075+ 2 bds$6,445+ 3 bds",https://www.zillow.com/apartments/chicago-il/727-west-madison/BCgw9T/
40,"Monroe Laflin Place | 104 S Laflin St, Chicago, IL","$3,178+ 2 bds","$3,829+ 3 bds",https://www.zillow.com/apartments/chicago-il/monroe-laflin-place/Bw6GS5/
41,"Portrait | 948 W Sunnyside Ave, Chicago, IL","$1,642+ Studio","$3,156+ 2 bds",https://www.zillow.com/apartments/chicago-il/portrait/CJbtLN/
42,"Monroe Aberdeen Place | 1050 W Monroe St, Chicago, IL","$3,328+ 2 bds","$4,399+ 3 bds",https://www.zillow.com/apartments/chicago-il/monroe-aberdeen-place/BG8kTP/
43,"1261 W Argyle, 1261 W Argyle St, Chicago, IL 60640","$1,579+/mo",1 bd 1 ba-- sqft,https://www.zillow.com/homedetails/1261-W-Argyle-St-80A050EEB-Chicago-IL-60640/2055055065_zpid/
44,"The Lofts at Gin Alley | 120 N Green St, Chicago, IL","$2,399+ Studio","$2,700+ 1 bd$3,806+ 2 bds",https://www.zillow.com/apartments/chicago-il/the-lofts-at-gin-alley/DMyz/
45,"Hubbard 221 | 221 W Hubbard St, Chicago, IL","$1,919+ Studio","$2,520+ 1 bd$3,478+ 2 bds",https://www.zillow.com/apartments/chicago-il/hubbard-221/9r3Qrd/
46,"455 West Wellington | 455 W Wellington Ave, Chicago, IL","$1,383+ Studio","$1,687+ 1 bd",https://www.zillow.com/apartments/chicago-il/455-west-wellington/5XhYKC/
47,"River North Park Apartments and Townhomes | 320 W Illinois St, Chicago, IL","$1,695+ Studio","$2,105+ 1 bd$2,835+ 2 bds",https://www.zillow.com/apartments/chicago-il/river-north-park-apartments-and-townhomes/5XjBK4/
48,"517 W. Oakdale, 517 W Oakdale Ave, Chicago, IL 60657","$5,000+/mo",Studio 1 ba-- sqft,https://www.zillow.com/apartments/chicago-il/517-w.-oakdale/5XctKq/
49,"1100 North Dearborn | 1100 N Dearborn St, Chicago, IL","$1,630+ Studio","$1,950+ 1 bd",https://www.zillow.com/apartments/chicago-il/1100-north-dearborn/5XgyD4/
50,"The Shelby | 2300 S Michigan Ave, Chicago, IL","$2,012+ 1 bd",,https://www.zillow.com/apartments/chicago-il/the-shelby/5XkX2x/
51,"Old Franklin Building, 525 S Dearborn St APT 302, Chicago, IL 60605","$1,595/mo",Studio 1 ba 550 sqft,https://www.zillow.com/apartments/chicago-il/old-franklin-building/5jQZTS/
52,"Arkadia West Loop | 765 W Adams St, Chicago, IL","$1,846+ Studio","$2,080+ 1 bd$3,235+ 2 bds$7,000+ 3 bds",https://www.zillow.com/apartments/chicago-il/arkadia-west-loop/BLV4/
53,"Cortland Flats | 3043 W Cortland St, Chicago, IL","$2,300+ 2 bds","$2,895+ 3 bds",https://www.zillow.com/apartments/chicago-il/cortland-flats/9y2Z/
54,"Flair Tower | 222 W Erie St, Chicago, IL","$2,065+ 1 bd","$3,430+ 2 bds$5,290+ 3 bds",https://www.zillow.com/apartments/chicago-il/flair-tower/5XjBzC/
55,"Hyde Park Tower, 5140 S Hyde Park Blvd APT 21A, Chicago, IL 60615","$3,268/mo","3 bds 2 ba 1,178 sqft",https://www.zillow.com/apartments/chicago-il/hyde-park-tower/5XjN4t/
56,"The Wilson Club, 1124 W Wilson Ave, Chicago, IL 60640","$1,275+/mo",Studio 1 ba-- sqft,https://www.zillow.com/apartments/chicago-il/the-wilson-club/9S4PCX/
57,"6200 North Hoyne Ave | 6200 N Hoyne Ave, Chicago, IL","$1,050+ Studio","$1,350+ 1 bd$1,550+ 2 bds$1,900+ 3 bds",https://www.zillow.com/apartments/chicago-il/6200-north-hoyne-ave/5Xf9R9/
58,"Winthrop Suites Apartments, 5633 N Winthrop Ave APT 405, Chicago, IL 60660","$1,295/mo",1 bd 1 ba 650 sqft,https://www.zillow.com/apartments/chicago-il/winthrop-suites-apartments/5XfXhV/
59,"The Blackwood | 5200 S Blackstone Ave, Chicago, IL","$1,545+ 1 bd","$1,750+ 2 bds",https://www.zillow.com/apartments/chicago-il/the-blackwood/5XjVRy/
60,"9300 S Bishop St Apartments, 9300 S Bishop St, Chicago, IL 60620","$1,300+/mo",2 bds 1 ba 900 sqft,https://www.zillow.com/apartments/chicago-il/9300-s-bishop-st-apartments/5Xh4fv/
61,"5536 Sheridan, 5536 N Sheridan Rd #505, Chicago, IL 60640","$1,413/mo",Studio 1 ba 480 sqft,https://www.zillow.com/apartments/chicago-il/5536-sheridan/9S4Xwk/
62,"Circa 922 | 922 W Washington Blvd, Chicago, IL","$2,189+ Studio","$2,515+ 1 bd$3,417+ 2 bds",https://www.zillow.com/apartments/chicago-il/circa-922/63D84S/
63,"6825 N. Sheridan Rd | 6825 N Sheridan Rd, Chicago, IL","$1,075+ Studio","$1,250+ 1 bd",https://www.zillow.com/apartments/chicago-il/6825-n.-sheridan-rd/5XcTP9/
64,"NEXT Apartments | 347 W Chestnut St, Chicago, IL","$2,066+ Studio","$2,422+ 1 bd$3,287+ 2 bds$8,762+ 3 bds",https://www.zillow.com/apartments/chicago-il/next-apartments/65gycw/
65,"73 East Lake | 73 E Lake St, Chicago, IL","$2,771+ Studio","$3,053+ 1 bd$3,951+ 2 bds",https://www.zillow.com/apartments/chicago-il/73-east-lake/5Xg9yq/
66,"73 East Lake | 73 E Lake St, Chicago, IL","$2,751+ Studio","$2,993+ 1 bd$3,671+ 2 bds",https://www.zillow.com/b/73-east-lake-chicago-il-9jVbTQ/
67,"The Fleetwood, 6026 N Winthrop Ave APT 6A, Chicago, IL 60660","$1,595/mo",1 bd 1 ba-- sqft,https://www.zillow.com/b/the-fleetwood-chicago-il-Cc5k69/
68,"The Fleetwood | 6026 N Winthrop Ave, Chicago, IL","$1,295+ Studio","$1,995+ 2 bds",https://www.zillow.com/apartments/chicago-il/the-fleetwood/5XfKDr/
69,"426 W. Surf, 426 W Surf St, Chicago, IL 60657","$1,545+/mo",1 bd 1 ba-- sqft,https://www.zillow.com/apartments/chicago-il/426-w.-surf/5XfTvR/
70,"2536 Sawyer LLC, 2536 N Sawyer Ave APT 409, Chicago, IL 60647","$1,350/mo",1 bd 1 ba 532 sqft,https://www.zillow.com/apartments/chicago-il/2536-sawyer-llc/9hJghC/
71,"2950 North Sheridan | 2950 N Sheridan Rd, Chicago, IL","$4,470+ 2 bds","$5,708+ 3 bds",https://www.zillow.com/apartments/chicago-il/2950-north-sheridan/B677wB/
72,"318 W. Grand Ave., 318 W Grand Ave #204, Chicago, IL 60654","$3,552/mo",2 bds 2 ba-- sqft,https://www.zillow.com/apartments/chicago-il/318-w.-grand-ave./CPK3/
73,"5222-38 S. Drexel Avenue | 5222 S Drexel Ave, Chicago, IL","$1,695+ 2 bds","$1,950+ 3 bds",https://www.zillow.com/apartments/chicago-il/5222.dash.38-s.-drexel-avenue/5Xh7Gq/
74,"2779 Milwaukee LLC, 2779 N Milwaukee Ave #135, Chicago, IL 60647","$1,050/mo",Studio 1 ba 400 sqft,https://www.zillow.com/apartments/chicago-il/2779-milwaukee-llc/CPkC/
75,"Buena Terrace - 4242 N Sheridan Rd | 4242 N Sheridan Rd, Chicago, IL","$1,299+ Studio","$1,221+ 1 bd",https://www.zillow.com/apartments/chicago-il/buena-terrace-.dash.-4242-n-sheridan-rd/5Xd76x/
76,"Imprint | 717 S Clark St, Chicago, IL","$2,065+ Studio","$2,190+ 1 bd$3,250+ 2 bds$8,750+ 3 bds$8,415+ 4 bds",https://www.zillow.com/apartments/chicago-il/imprint/BNKLQF/
77,"Marlowe | 169 W Huron St, Chicago, IL","$2,195+ 1 bd","$3,893+ 2 bds",https://www.zillow.com/apartments/chicago-il/marlowe/5ZJqpF/
78,"Pittsfield Apartments | 55 E Washington St, Chicago, IL","$2,295+ 2 bds","$2,695+ 3 bds",https://www.zillow.com/apartments/chicago-il/pittsfield-apartments/9PsH/
79,"1572 N Milwaukee, 1572 N Milwaukee Ave, Chicago, IL 60622","$4,400+/mo",4 bds 2 ba-- sqft,https://www.zillow.com/homedetails/1572-N-Milwaukee-Ave-07C6203E1-Chicago-IL-60622/2054616114_zpid/
80,"1572 N Milwaukee, 1572 N Milwaukee Ave, Chicago, IL 60622","$2,300+/mo",1 bd 1 ba-- sqft,https://www.zillow.com/homedetails/1572-N-Milwaukee-Ave-CB284A51E-Chicago-IL-60622/2054616118_zpid/
81,"424 W. Diversey, 424 W Diversey Pkwy, Chicago, IL 60614","$1,255+/mo",Studio 1 ba-- sqft,https://www.zillow.com/apartments/chicago-il/424-w.-diversey/F8Bc/
82,"Lakeview 3200 Apartments | 3218 N Clark St, Chicago, IL","$2,249+ 1 bd",,https://www.zillow.com/apartments/chicago-il/lakeview-3200-apartments/B7mT63/
83,"4731 N Western | 4731 N Western Ave, Chicago, IL","$1,795+ 1 bd","$2,395+ 2 bds",https://www.zillow.com/apartments/chicago-il/4731-n-western/9zBq/
84,"742 W. Fullerton, 742 W Fullerton Ave, Chicago, IL 60614","$5,000+/mo",1 bd 1 ba-- sqft,https://www.zillow.com/apartments/chicago-il/742-w.-fullerton/5XgfCF/
85,"839 Diversey, 839 W Diversey Pkwy, Chicago, IL 60614","$5,000+/mo",Studio 1 ba-- sqft,https://www.zillow.com/b/839-diversey-chicago-il-9dgM/
86,"5625 North Winthrop | 5625 N Winthrop Ave, Chicago, IL",$995+ Studio,"$1,225+ 1 bd",https://www.zillow.com/apartments/chicago-il/5625-north-winthrop/5Xfb4v/
87,"Maynard At Elaine Place, 3444 N Elaine Pl, Chicago, IL 60657","$2,045/mo",2 bds 1 ba 650 sqft,https://www.zillow.com/homedetails/3444-N-Elaine-Pl-Chicago-IL-60657/2105648409_zpid/
88,"1049 West Oakdale | 1049 W Oakdale Ave, Chicago, IL","$1,174+ Studio","$1,679+ 1 bd",https://www.zillow.com/apartments/chicago-il/1049-west-oakdale/5Xcv83/
89,"The Legacy HB at Clarendon Park | 4520 N Clarendon Ave, Chicago, IL","$1,600+ 1 bd","$2,200+ 2 bds",https://www.zillow.com/apartments/chicago-il/the-legacy-hb-at-clarendon-park/5Xh8BS/
90,"711 West Belmont, 711 W Belmont Ave, Chicago, IL 60657","$1,095+/mo",Studio 1 ba-- sqft,https://www.zillow.com/apartments/chicago-il/711-west-belmont/Dbsv/
91,"7333 Ridge, 7333 N Ridge Blvd APT 509, Chicago, IL 60645","$1,295/mo",1 bd 1 ba-- sqft,https://www.zillow.com/apartments/chicago-il/7333-ridge/5XgqcL/
92,"660 West Wrightwood, 660 W Wrightwood Ave, Chicago, IL 60614","$1,695+/mo",1 bd 1 ba-- sqft,https://www.zillow.com/apartments/chicago-il/660-west-wrightwood/5Xg2J4/
93,"Marshfield Apartments, 3413-21 N Marshfield Ave #34193E, Chicago, IL 60657","$1,525/mo",1 bd 1 ba 600 sqft,https://www.zillow.com/apartments/chicago-il/marshfield-apartments/9hG4D3/
94,"The Western | 1920 N Milwaukee Ave, Chicago, IL","$3,200+ 2 bds",,https://www.zillow.com/apartments/chicago-il/the-western/9S5M2Q/
95,"5137 N Broadway, 5137 N Broadway St #202, Chicago, IL 60640","$2,550/mo",2 bds 2 ba-- sqft,https://www.zillow.com/apartments/chicago-il/5137-n-broadway/9S4VwS/
96,"The Sheridan Pratt | 6758 N Sheridan Rd, Chicago, IL","$1,275+ Studio","$1,525+ 1 bd$1,775+ 2 bds",https://www.zillow.com/apartments/chicago-il/the-sheridan-pratt/5XjBTP/
97,"Monark | 4410 N Clark St, Chicago, IL","$2,395+ 2 bds","$2,940+ 3 bds",https://www.zillow.com/apartments/chicago-il/monark/9S4RB6/
98,"Drexel Grand | 5220 S Drexel Ave, Chicago, IL","$1,150+ Studio","$1,435+ 1 bd$1,495+ 2 bds",https://www.zillow.com/apartments/chicago-il/drexel-grand/5XhXYY/
99,"The Onyx on Carmen | 915 W Carmen Ave, Chicago, IL",$963+ Studio,"$1,625+ 1 bd",https://www.zillow.com/apartments/chicago-il/the-onyx-on-carmen/5XdVrc/
100,"1040 Hollywood | 1040 W Hollywood Ave, Chicago, IL","$1,095+ Studio","$1,225+ 1 bd",https://www.zillow.com/apartments/chicago-il/1040-hollywood/9WNX/
101,"The Elevation Lofts | 1531 W Howard St, Chicago, IL","$1,550+ Studio","$2,200+ 2 bds$3,200+ 3 bds",https://www.zillow.com/apartments/chicago-il/the-elevation-lofts/BMwvfR/
102,"One Six Six | 166 N Aberdeen St, Chicago, IL","$2,140+ Studio","$2,826+ 1 bd$3,915+ 2 bds$8,735+ 3 bds",https://www.zillow.com/apartments/chicago-il/one-six-six/9Rx6Tz/
103,"7526-36 S Colfax Ave, 7526-36 S Colfax Ave #36-2B, Chicago, IL 60649","$1,195/mo",2 bds 1 ba 965 sqft,https://www.zillow.com/apartments/chicago-il/7526.dash.36-s-colfax-ave/9n6tZS/
104,"Common McCormick | 2401 S State St, Chicago, IL","$1,006+ 4 bds",,https://www.zillow.com/apartments/chicago-il/common-mccormick/9RyvjY/
105,"Two West | 2 W Delaware Pl, Chicago, IL","$3,405+ 1 bd","$4,475+ 2 bds$7,125+ 3 bds",https://www.zillow.com/apartments/chicago-il/two-west/5XjYhw/
106,"4500 N Winchester, 4500 N Winchester Ave, Chicago, IL 60640","$1,650+/mo","2 bds 1 ba 1,050 sqft",https://www.zillow.com/apartments/chicago-il/4500-n-winchester/5XgMGx/
107,"Arrive South Loop | 1935 S Wabash Ave, Chicago, IL","$1,900+ 1 bd","$2,265+ 2 bds",https://www.zillow.com/apartments/chicago-il/arrive-south-loop/5Xfzqt/
108,"5401-5403 S. Woodlawn Avenue | 5401-5403 S Woodlawn Ave, Chicago, IL","$2,000+ 3 bds",,https://www.zillow.com/apartments/chicago-il/5401.dash.5403-s.-woodlawn-avenue/5Xgfp9/
109,"The Morse Wolcott | 1902 W Morse Ave, Chicago, IL","$1,900+ 2 bds","$2,200+ 3 bds",https://www.zillow.com/apartments/chicago-il/the-morse-wolcott/5XjGhj/
110,"5325 S. Hyde Park Boulevard, 5325 S Hyde Park Blvd #B1, Chicago, IL 60615","$1,700/mo",1 bd 1 ba 835 sqft,https://www.zillow.com/apartments/chicago-il/5325-s.-hyde-park-boulevard/5XfhNP/
111,"813-31 West Waveland | 813 W Waveland Ave, Chicago, IL","$1,550+ 1 bd","$1,995+ 2 bds",https://www.zillow.com/apartments/chicago-il/813.dash.31-west-waveland/5XcvKg/
112,"4101-13 N. Kedzie / 3148-56 W. Belle Plaine | 4101 N Kedzie Ave, Chicago, IL","$1,275+ 1 bd",,https://www.zillow.com/apartments/chicago-il/4101.dash.13-n.-kedzie-3148.dash.56-w.-belle-plaine/F4tQ/
113,"632 West Addison, 632 W Addison St, Chicago, IL 60613","$1,560+/mo",1 bd 1 ba 600 sqft,https://www.zillow.com/apartments/chicago-il/632-west-addison/5XcZFX/
114,"MODE Logan Square | 1950 N Campbell Ave, Chicago, IL","$1,694+ Studio","$4,460+ 2 bds",https://www.zillow.com/apartments/chicago-il/mode-logan-square/B63kkD/
115,"5300-5308 S. Greenwood Avenue, 5300-5308 S Greenwood Ave #5308-3, Chicago, IL 60615","$2,000/mo","3 bds 1 ba 1,145 sqft",https://www.zillow.com/apartments/chicago-il/5300.dash.5308-s.-greenwood-avenue/9ggJFY/
116,"2051 N. Sedgwick, 2051 N Sedgwick St, Chicago, IL 60614","$1,225+/mo",Studio 1 ba-- sqft,https://www.zillow.com/apartments/chicago-il/2051-n.-sedgwick/5XgmmT/
117,"2244 N. Cleveland, 2244 N Cleveland Ave, Chicago, IL 60614","$1,195+/mo",Studio 1 ba-- sqft,https://www.zillow.com/apartments/chicago-il/2244-n.-cleveland/5XjCcf/
118,"Eleven40 | 1140 S Wabash Ave, Chicago, IL","$1,615+ Studio","$1,891+ 1 bd$3,127+ 2 bds",https://www.zillow.com/apartments/chicago-il/eleven40/9Rwpvh/
119,"Motley School Apartments, 739 N Ada St #739-202, Chicago, IL 60642","$4,200/mo","2 bds 3 ba 1,255 sqft",https://www.zillow.com/apartments/chicago-il/motley-school-apartments/9S4nYk/
120,"5512 S. Hyde Park Boulevard, 5512 S Hyde Park Blvd, Chicago, IL 60637","$3,300+/mo","4 bds 2 ba 1,810 sqft",https://www.zillow.com/apartments/chicago-il/5512-s.-hyde-park-boulevard/CTmG/
121,"1623 W Belmont | 1623 W Belmont Ave, Chicago, IL","$1,495+ 1 bd",,https://www.zillow.com/apartments/chicago-il/1623-w-belmont/9zHk/
122,"596 West Hawthorne, 596 W Hawthorne Pl, Chicago, IL 60657","$1,289+/mo",Studio 1 ba-- sqft,https://www.zillow.com/apartments/chicago-il/596-west-hawthorne/5Xj9yk/
123,"Cleveland Apartments, 2048 N Cleveland Ave #209, Chicago, IL 60614","$1,295/mo",Studio 1 ba 325 sqft,https://www.zillow.com/apartments/chicago-il/cleveland-apartments/5XfWC2/
124,"Solstice on the Park | 1616 E 56th St, Chicago, IL","$2,700+ 1 bd","$3,500+ 2 bds$5,200+ 3 bds",https://www.zillow.com/apartments/chicago-il/solstice-on-the-park/9ht9g2/
125,"The June | 5155 N Broadway St, Chicago, IL","$1,290+ Studio","$1,825+ 1 bd",https://www.zillow.com/apartments/chicago-il/the-june/CSCK/
126,"5128-5132 S. Cornell Avenue, 5128-5132 S Cornell Ave #5132-3, Chicago, IL 60615","$1,695/mo","2 bds 1 ba 1,083 sqft",https://www.zillow.com/apartments/chicago-il/5128.dash.5132-s.-cornell-avenue/9ggKFv/
127,"5326-5336 S. Greenwood Avenue | 5326-5336 S Greenwood Ave, Chicago, IL","$1,900+ 2 bds",,https://www.zillow.com/apartments/chicago-il/5326.dash.5336-s.-greenwood-avenue/9ggKHg/
128,"Woodlawn Court, 5218 S Woodlawn Ave #28-3W, Chicago, IL 60615","$1,870/mo",2 bds 1 ba 800 sqft,https://www.zillow.com/apartments/chicago-il/woodlawn-court/5XkrfF/
129,"Atrium West | 5908-5920 W 55th St, Chicago, IL","$1,300+ 2 bds",,https://www.zillow.com/apartments/chicago-il/atrium-west/BFLQwK/
130,"148 N La Crosse Ave, 148 N La Crosse Ave #4834-2, Chicago, IL 60644","$1,280/mo",2 bds 1 ba 710 sqft,https://www.zillow.com/apartments/chicago-il/148-n-la-crosse-ave/5XhF7c/
131,"Sheridan Terrace - 6725 N Sheridan Rd, 6725 N Sheridan Rd, Chicago, IL 60626","$1,200+/mo",1 bd 1 ba 720 sqft,https://www.zillow.com/apartments/chicago-il/sheridan-terrace-.dash.-6725-n-sheridan-rd/5Xfcjm/
132,"7236 S Yates Blvd, 7236 S Yates Blvd, Chicago, IL 60649","$1,220+/mo","3 bds 1 ba 1,091 sqft",https://www.zillow.com/apartments/chicago-il/7236-s-yates-blvd/9S5Yx7/
133,"Cityfront Place | 400 N McClurg Ct, Chicago, IL","$2,000+ Studio","$2,124+ 1 bd$3,486+ 2 bds",https://www.zillow.com/apartments/chicago-il/cityfront-place/5XhfWf/
134,"7317 S Chappel | 7317 S Chappel Ave, Chicago, IL",$945+ 1 bd,,https://www.zillow.com/apartments/chicago-il/7317-s-chappel/5Xh4TD/
135,"6400 S Rockwell St, 6400 S Rockwell St, Chicago, IL 60629","$1,065+/mo",2 bds 1 ba 915 sqft,https://www.zillow.com/apartments/chicago-il/6400-s-rockwell-st/5XhRGC/
136,"6923-25 S Indiana Ave | 6923 S Indiana Ave, Chicago, IL","$1,020+ 2 bds",,https://www.zillow.com/apartments/chicago-il/6923.dash.25-s-indiana-ave/5XkkqV/
137,"7102 S Luella, 7102 S Luella Ave APT 204, Chicago, IL 60649",$725/mo,Studio 1 ba 400 sqft,https://www.zillow.com/apartments/chicago-il/7102-s-luella/5XjCwQ/
138,"2143 N Damen, 2143-45 N Damen Ave #201, Chicago, IL 60647","$3,400/mo","3 bds 2 ba 1,600 sqft",https://www.zillow.com/apartments/chicago-il/2143-n-damen/BrQZVd/
139,"1351 W. Touhy Ave., 1351 W Touhy Ave #1355-3N, Chicago, IL 60626","$1,500/mo",2 bds 1 ba 700 sqft,https://www.zillow.com/apartments/chicago-il/1351-w.-touhy-ave./5XcKvZ/
140,"8251 S Ellis Ave | 8251 S Ellis Ave, Chicago, IL",$815+ 1 bd,,https://www.zillow.com/apartments/chicago-il/8251-s-ellis-ave/CRzQ/
141,"8001-09 S Ellis Ave, 8001-09 S Ellis Ave #8005-2B, Chicago, IL 60619",$680/mo,Studio 1 ba 450 sqft,https://www.zillow.com/apartments/chicago-il/8001.dash.09-s-ellis-ave/9h8BwF/
142,"4815 W Monroe St, 4815 W Monroe St #4823-3W, Chicago, IL 60644","$1,070/mo",1 bd 1 ba 700 sqft,https://www.zillow.com/apartments/chicago-il/4815-w-monroe-st/9S54Q4/
143,"1832-1842 North Humboldt Blvd | 1842 N Humboldt Blvd, Chicago, IL","$1,495+ 1 bd",,https://www.zillow.com/apartments/chicago-il/1832.dash.1842-north-humboldt-blvd/CJTm/
144,"7240 S Yates Blvd, 7240 S Yates Blvd #7242-1, Chicago, IL 60649","$1,320/mo","3 bds 1 ba 1,050 sqft",https://www.zillow.com/apartments/chicago-il/7240-s-yates-blvd/5XfcsR/
145,"2710 E 83rd Street | 2710 E 83rd St, Chicago, IL",$860+ 1 bd,,https://www.zillow.com/apartments/chicago-il/2710-e-83rd-street/9hJxZ5/
146,"7944 S Paulina | 7944 S Paulina St, Chicago, IL",$805+ 1 bd,,https://www.zillow.com/apartments/chicago-il/7944-s-paulina/5XgTFP/
147,"7956 S Aberdeen St, 7956 S Aberdeen St #1110-2, Chicago, IL 60620","$1,065/mo",2 bds 1 ba 851 sqft,https://www.zillow.com/apartments/chicago-il/7956-s-aberdeen-st/BVZ9/
148,"5415 S. Woodlawn Avenue | 5415 S Woodlawn Ave, Chicago, IL","$1,495+ 1 bd","$1,650+ 2 bds",https://www.zillow.com/apartments/chicago-il/5415-s.-woodlawn-avenue/5XrRnP/
149,"109 N Laramie Ave | 109 N Laramie Ave, Chicago, IL","$1,115+ 2 bds",,https://www.zillow.com/apartments/chicago-il/109-n-laramie-ave/9S52bB/
150,"7917-27 S Drexel Ave, 7917 S Drexel Ave #7919-1C, Chicago, IL 60619",$795/mo,1 bd 1 ba 575 sqft,https://www.zillow.com/apartments/chicago-il/7917.dash.27-s-drexel-ave/5XjXWC/
151,"7801 S Saginaw, 7801 S Saginaw Ave APT 3, Chicago, IL 60649",$975/mo,2 bds 1 ba 650 sqft,https://www.zillow.com/apartments/chicago-il/7801-s-saginaw/5XgF9H/
152,"The Chatelaine, 215 E Chestnut St #2152104, Chicago, IL 60611","$2,230/mo",1 bd 1 ba 725 sqft,https://www.zillow.com/apartments/chicago-il/the-chatelaine/5XfWLf/
153,"10719 S Calumet Ave, 10719 S Calumet Ave #3S, Chicago, IL 60628","$1,195/mo",2 bds 1 ba 922 sqft,https://www.zillow.com/apartments/chicago-il/10719-s-calumet-ave/9S2hyr/
154,"7263 S Coles, 7263 S Coles Ave #2610-2, Chicago, IL 60649","$1,095/mo",2 bds 1 ba 875 sqft,https://www.zillow.com/apartments/chicago-il/7263-s-coles/DHHF/
155,"The Morse Lakewood | 6929 N Lakewood Ave, Chicago, IL","$1,900+ 2 bds",,https://www.zillow.com/apartments/chicago-il/the-morse-lakewood/CTHq/
156,"6715 S Dorchester, 6715 S Dorchester Ave #1400-3, Chicago, IL 60637","$1,190/mo",2 bds 1 ba 804 sqft,https://www.zillow.com/apartments/chicago-il/6715-s-dorchester/9S42xz/
157,"2235 E 71st St | 2235 E 71st St, Chicago, IL",$665+ Studio,,https://www.zillow.com/apartments/chicago-il/2235-e-71st-st/9S5Wft/
158,"511 West Melrose, 511 W Melrose St, Chicago, IL 60657","$1,425+/mo",1 bd 1 ba-- sqft,https://www.zillow.com/apartments/chicago-il/511-west-melrose/BBMQ/
159,"7701 S Stewart Ave | 7701 S Stewart Ave, Chicago, IL",$820+ 1 bd,,https://www.zillow.com/apartments/chicago-il/7701-s-stewart-ave/9RzhK9/
160,"5800 W Iowa St, 5800 W Iowa St #9081, Chicago, IL 60651","$1,050/mo",1 bd 1 ba 550 sqft,https://www.zillow.com/apartments/chicago-il/5800-w-iowa-st/5XjGNt/
161,"8001 S Marshfield Ave, 8001 S Marshfield Ave #1621-1, Chicago, IL 60620",$875/mo,1 bd 1 ba 600 sqft,https://www.zillow.com/apartments/chicago-il/8001-s-marshfield-ave/5Xdks2/
162,"6751 S Jeffery Blvd | 6751 S Jeffery Blvd, Chicago, IL",$835+ Studio,$925+ 1 bd,https://www.zillow.com/apartments/chicago-il/6751-s-jeffery-blvd/5Xct8b/
163,"418-24 S Laramie Ave | 418 S Laramie Ave, Chicago, IL","$1,005+ 1 bd","$1,080+ 2 bds",https://www.zillow.com/apartments/chicago-il/418.dash.24-s-laramie-ave/Dhg2/
164,"Broadway / Belmont, 604 Belmont Broadway #3200-6-320, Chicago, IL 60657","$1,495/mo",1 bd 1 ba 550 sqft,https://www.zillow.com/b/604-belmont-broadway-chicago-il-C4NCFR/
165,"8152 S Evans, 8152 S Evans Ave #714-1A, Chicago, IL 60619",$755/mo,Studio 1 ba 450 sqft,https://www.zillow.com/apartments/chicago-il/8152-s-evans/5Xt8zV/
166,"7953-59 S Dobson Ave | 7953 S Dobson Ave, Chicago, IL",$745+ Studio,$915+ 1 bd,https://www.zillow.com/apartments/chicago-il/7953.dash.59-s-dobson-ave/5XjXWD/
167,"8640 S Ingleside Ave, 8640 S Ingleside Ave #2F, Chicago, IL 60619",$955/mo,2 bds 1 ba 550 sqft,https://www.zillow.com/apartments/chicago-il/8640-s-ingleside-ave/9RzcXj/
168,"536 West Arlington | 536 W Arlington Pl, Chicago, IL","$1,195+ Studio","$1,550+ 1 bd$3,050+ 2 bds",https://www.zillow.com/apartments/chicago-il/536-west-arlington/5XgB2t/
169,"1632 W. Belmont, 1632 W Belmont Ave, Chicago, IL 60657",$965+/mo,Studio 1 ba-- sqft,https://www.zillow.com/apartments/chicago-il/1632-w.-belmont/9Sy3/
170,"1734 W 87th St, 1734 W 87th St #8658-B, Chicago, IL 60620","$1,480/mo","4 bds 1.5 ba 1,400 sqft",https://www.zillow.com/apartments/chicago-il/1734-w-87th-st/5Xs44f/
171,"722 S Racine, 722 S Racine Ave #3, Chicago, IL 60607","$1,800/mo",2 bds 1 ba 800 sqft,https://www.zillow.com/apartments/chicago-il/722-s-racine/Dm2n/
172,"4735 Beacon | 4735 N Beacon St, Chicago, IL",$950+ Studio,,https://www.zillow.com/apartments/chicago-il/4735-beacon/CTxf/
173,"6210-16 S. Dorchester Ave. | 6210 S Dorchester Ave, Chicago, IL","$1,295+ 2 bds","$1,395+ 3 bds",https://www.zillow.com/apartments/chicago-il/6210.dash.16-s.-dorchester-ave./5Xgf43/
174,"Carriage House Lofts | 1545 S State St, Chicago, IL","$2,698+ 2 bds","$3,450+ 3 bds",https://www.zillow.com/apartments/chicago-il/carriage-house-lofts/5XgvLz/
175,"7539-53 N. Bell Ave., 7539 N Bell Ave #7549-1C, Chicago, IL 60645","$1,475/mo",2 bds 1 ba 950 sqft,https://www.zillow.com/b/7539-53-n.-bell-ave.-chicago-il-F73V/
176,"Park Fullerton by Reside | 325 W Fullerton Pkwy, Chicago, IL","$2,890+ 1 bd","$3,900+ 2 bds$11,975+ 3 bds",https://www.zillow.com/apartments/chicago-il/park-fullerton-by-reside/5Xh3Cq/
177,"5800 N Sheridan | 5800 N Sheridan Rd, Chicago, IL","$1,200+ Studio","$1,495+ 1 bd$1,995+ 2 bds",https://www.zillow.com/apartments/chicago-il/5800-n-sheridan/5Xnc8C/
178,"1022 W. Dakin, 1022 W Dakin St, Chicago, IL 60613","$5,000+/mo",1 bd 1 ba-- sqft,https://www.zillow.com/b/1022-w.-dakin-chicago-il-5XhPff/
179,"4363 N Kenmore Apartments | 4363 N Kenmore Ave, Chicago, IL",$925+ Studio,,https://www.zillow.com/apartments/chicago-il/4363-n-kenmore-apartments/9RyN2w/
