Address,Bed Type,Price,Link
"1516 W 78th Street, 1516 W 78th St #3B, Chicago, IL 60620",2 Bed,"$1,180",https://www.zillow.com/apartments/chicago-il/1516-w-78th-street/9RzfVm/
"5427-29 S. University Ave., 5427-29 S University Ave #5427-A3, Chicago, IL 60615",2 Bed,"$2,150",https://www.zillow.com/apartments/chicago-il/5427.dash.29-s.-university-ave./BWJMCH/
"540 N State St, Chicago, IL",Studio,"$2,243",https://www.zillow.com/apartments/chicago-il/grand-plaza/5Xgyyd/
"540 N State St, Chicago, IL",1 Bed,"$2,503",https://www.zillow.com/apartments/chicago-il/grand-plaza/5Xgyyd/
"540 N State St, Chicago, IL",2 Bed,"$2,600",https://www.zillow.com/apartments/chicago-il/grand-plaza/5Xgyyd/
"6720 N. Sheridan, 6720 N Sheridan Rd, Chicago, IL 60626",Studio,"$5,000",https://www.zillow.com/apartments/chicago-il/6720-n.-sheridan/Brx7/
"Optima Lakeview | 3478 N Broadway St, Chicago, IL",1 Bed,"$2,775",https://www.zillow.com/apartments/chicago-il/optima-lakeview/BMfHjs/
"Optima Lakeview | 3478 N Broadway St, Chicago, IL",2 Bed,"$4,500",https://www.zillow.com/apartments/chicago-il/optima-lakeview/BMfHjs/
"2104-24 W. Farragut Ave., 2104 W Farragut Ave #2116-A1, Chicago, IL 60625",1 Bed,"$1,295",https://www.zillow.com/apartments/chicago-il/2104.dash.24-w.-farragut-ave./5Xh4FR/
"1101 W. Columbia, 1101 W Columbia Ave, Chicago, IL 60626",Studio,"$5,000",https://www.zillow.com/apartments/chicago-il/1101-w.-columbia/5XdnMR/
"Trailhead | 1744 N Western Ave, Chicago, IL",1 Bed,"$2,397",https://www.zillow.com/apartments/chicago-il/trailhead/9S5L4t/
"Foundry | 1475 N Kingsbury St, Chicago, IL",Studio,"$2,279",https://www.zillow.com/apartments/chicago-il/foundry/C76jxC/
"Foundry | 1475 N Kingsbury St, Chicago, IL",1 Bed,"$2,499",https://www.zillow.com/apartments/chicago-il/foundry/C76jxC/
"Foundry | 1475 N Kingsbury St, Chicago, IL",2 Bed,"$3,995",https://www.zillow.com/apartments/chicago-il/foundry/C76jxC/
"1837 W. Patterson, 1837 W Patterson Ave, Chicago, IL 60613",Studio,"$5,000",https://www.zillow.com/apartments/chicago-il/1837-w.-patterson/5XcfXr/
"1647 N. Milwaukee, 1647 N Milwaukee Ave #205, Chicago, IL 60647",1 Bed,"$2,650",https://www.zillow.com/apartments/chicago-il/1647-n.-milwaukee/BgtT/
"Linkt Apartments | 830 N Milwaukee Ave, Chicago, IL",1 Bed,"$2,196",https://www.zillow.com/apartments/chicago-il/linkt-apartments/9S4np6/
"Linkt Apartments | 830 N Milwaukee Ave, Chicago, IL",2 Bed,"$2,825",https://www.zillow.com/apartments/chicago-il/linkt-apartments/9S4np6/
"State & Chestnut | 845 N State St, Chicago, IL",Studio,"$2,265",https://www.zillow.com/apartments/chicago-il/state-%26-chestnut/Cfnb/
"State & Chestnut | 845 N State St, Chicago, IL",1 Bed,"$2,571",https://www.zillow.com/apartments/chicago-il/state-%26-chestnut/Cfnb/
"State & Chestnut | 845 N State St, Chicago, IL",2 Bed,"$4,385",https://www.zillow.com/apartments/chicago-il/state-%26-chestnut/Cfnb/
"ELEVEN THIRTY | 1130 S Michigan Ave, Chicago, IL",Studio,"$1,509",https://www.zillow.com/apartments/chicago-il/eleven-thirty/5XhRHz/
"ELEVEN THIRTY | 1130 S Michigan Ave, Chicago, IL",1 Bed,"$1,879",https://www.zillow.com/apartments/chicago-il/eleven-thirty/5XhRHz/
"ELEVEN THIRTY | 1130 S Michigan Ave, Chicago, IL",2 Bed,"$2,966",https://www.zillow.com/apartments/chicago-il/eleven-thirty/5XhRHz/
"Nevele 22 | 1122 W Chicago Ave, Chicago, IL",Studio,"$1,900",https://www.zillow.com/apartments/chicago-il/nevele-22/9hjv2P/
"Nevele 22 | 1122 W Chicago Ave, Chicago, IL",1 Bed,"$2,270",https://www.zillow.com/apartments/chicago-il/nevele-22/9hjv2P/
"Nevele 22 | 1122 W Chicago Ave, Chicago, IL",2 Bed,"$3,225",https://www.zillow.com/apartments/chicago-il/nevele-22/9hjv2P/
"4423 North Sheridan Road | 4423 N Sheridan Rd, Chicago, IL",Studio,"$1,050",https://www.zillow.com/apartments/chicago-il/4423-north-sheridan-road/5XjMmj/
"Anderson Point | 5700 N Ashland Ave, Chicago, IL",1 Bed,"$1,850",https://www.zillow.com/apartments/chicago-il/anderson-point/CPx9/
"Anderson Point | 5700 N Ashland Ave, Chicago, IL",2 Bed,"$2,550",https://www.zillow.com/apartments/chicago-il/anderson-point/CPx9/
"2555 N Clark St | 2555 N Clark St, Chicago, IL",1 Bed,"$2,216",https://www.zillow.com/apartments/chicago-il/2555-n-clark-st/5XdJVC/
"5630 North Sheridan | 5630 N Sheridan Rd, Chicago, IL",Studio,"$1,150",https://www.zillow.com/apartments/chicago-il/5630-north-sheridan/5XfZrw/
"5630 North Sheridan | 5630 N Sheridan Rd, Chicago, IL",1 Bed,"$1,345",https://www.zillow.com/apartments/chicago-il/5630-north-sheridan/5XfZrw/
"FPS Management, 6011 N Winthrop Ave #2D-6031, Chicago, IL 60660",Studio,"$1,000",https://www.zillow.com/apartments/chicago-il/fps-management/D2KQ/
"55 W Chestnut | 55 W Chestnut St, Chicago, IL",1 Bed,"$1,829",https://www.zillow.com/apartments/chicago-il/55-w-chestnut/5Xf7Hd/
"330 S. Wells St | 330 S Wells St, Chicago, IL",Studio,"$1,960",https://www.zillow.com/apartments/chicago-il/330-s.-wells-st/9Rx2hT/
"330 S. Wells St | 330 S Wells St, Chicago, IL",1 Bed,"$1,932",https://www.zillow.com/apartments/chicago-il/330-s.-wells-st/9Rx2hT/
"The Thompson at Fulton Market | 150 N Ashland Ave, Chicago, IL",Studio,"$2,155",https://www.zillow.com/apartments/chicago-il/the-thompson-at-fulton-market/CHkQ9H/
"The Thompson at Fulton Market | 150 N Ashland Ave, Chicago, IL",1 Bed,"$2,375",https://www.zillow.com/apartments/chicago-il/the-thompson-at-fulton-market/CHkQ9H/
"The Thompson at Fulton Market | 150 N Ashland Ave, Chicago, IL",2 Bed,"$3,795",https://www.zillow.com/apartments/chicago-il/the-thompson-at-fulton-market/CHkQ9H/
"Optima Signature | 220 E Illinois St, Chicago, IL",Studio,"$2,270",https://www.zillow.com/apartments/chicago-il/optima-signature/65bFNB/
"Optima Signature | 220 E Illinois St, Chicago, IL",1 Bed,"$2,816",https://www.zillow.com/apartments/chicago-il/optima-signature/65bFNB/
"Optima Signature | 220 E Illinois St, Chicago, IL",2 Bed,"$4,104",https://www.zillow.com/apartments/chicago-il/optima-signature/65bFNB/
"3130 N Lake Shore Dr | 3130 N Lake Shore Dr, Chicago, IL",Studio,"$1,615",https://www.zillow.com/apartments/chicago-il/3130-n-lake-shore-dr/F86Z/
"3130 N Lake Shore Dr | 3130 N Lake Shore Dr, Chicago, IL",1 Bed,"$1,949",https://www.zillow.com/apartments/chicago-il/3130-n-lake-shore-dr/F86Z/
"3130 N Lake Shore Dr | 3130 N Lake Shore Dr, Chicago, IL",2 Bed,"$2,833",https://www.zillow.com/apartments/chicago-il/3130-n-lake-shore-dr/F86Z/
"Coeval | 51 E 14th St, Chicago, IL",Studio,"$1,940",https://www.zillow.com/apartments/chicago-il/coeval/9r2tm7/
"Coeval | 51 E 14th St, Chicago, IL",1 Bed,"$2,105",https://www.zillow.com/apartments/chicago-il/coeval/9r2tm7/
"Coeval | 51 E 14th St, Chicago, IL",2 Bed,"$4,630",https://www.zillow.com/apartments/chicago-il/coeval/9r2tm7/
"Coeval | 51 E 14th Pl, Chicago, IL",Studio,"$1,970",https://www.zillow.com/b/coeval-chicago-il-9RwwJd/
"Coeval | 51 E 14th Pl, Chicago, IL",1 Bed,"$2,365",https://www.zillow.com/b/coeval-chicago-il-9RwwJd/
"Coeval | 51 E 14th Pl, Chicago, IL",2 Bed,"$3,420",https://www.zillow.com/b/coeval-chicago-il-9RwwJd/
"7250 N. Western Ave. Apartments | 7250 N Western Ave, Chicago, IL",1 Bed,"$1,450",https://www.zillow.com/apartments/chicago-il/7250-n.-western-ave.-apartments/5XhR5P/
"7250 N. Western Ave. Apartments | 7250 N Western Ave, Chicago, IL",2 Bed,"$1,850",https://www.zillow.com/apartments/chicago-il/7250-n.-western-ave.-apartments/5XhR5P/
"2970 N Sheridan | 2970 N Sheridan Rd, Chicago, IL",Studio,"$1,128",https://www.zillow.com/apartments/chicago-il/2970-n-sheridan/5Xdjyg/
"515 W Barry | 515 W Barry Ave, Chicago, IL",Studio,"$1,339",https://www.zillow.com/apartments/chicago-il/515-w-barry/5XhfBW/
"515 W Barry | 515 W Barry Ave, Chicago, IL",1 Bed,"$1,572",https://www.zillow.com/apartments/chicago-il/515-w-barry/5XhfBW/
"Arcade Residences | 1135 W Sheridan Rd, Chicago, IL",1 Bed,"$1,881",https://www.zillow.com/apartments/chicago-il/arcade-residences/9S6kZ2/
"Arcade Residences | 1135 W Sheridan Rd, Chicago, IL",2 Bed,"$2,599",https://www.zillow.com/apartments/chicago-il/arcade-residences/9S6kZ2/
"City Club Apartments MDA | 63 E Lake St, Chicago, IL",Studio,"$1,525",https://www.zillow.com/apartments/chicago-il/city-club-apartments-mda/5XgBW6/
"City Club Apartments MDA | 63 E Lake St, Chicago, IL",1 Bed,"$1,845",https://www.zillow.com/apartments/chicago-il/city-club-apartments-mda/5XgBW6/
"City Club Apartments MDA | 63 E Lake St, Chicago, IL",2 Bed,"$2,575",https://www.zillow.com/apartments/chicago-il/city-club-apartments-mda/5XgBW6/
"Cornelia & Stratford | 535 W Cornelia Ave, Chicago, IL",Studio,"$1,256",https://www.zillow.com/apartments/chicago-il/cornelia-%26-stratford/Cr4s/
"Maeve on Ashland | 133 S Ashland Ave, Chicago, IL",1 Bed,"$2,275",https://www.zillow.com/apartments/chicago-il/maeve-on-ashland/9Rx5kx/
"Maeve on Ashland | 133 S Ashland Ave, Chicago, IL",2 Bed,"$2,995",https://www.zillow.com/apartments/chicago-il/maeve-on-ashland/9Rx5kx/
"The Gallery on Wells | 637 N Wells St, Chicago, IL",Studio,"$2,012",https://www.zillow.com/apartments/chicago-il/the-gallery-on-wells/B6hqMJ/
"The Gallery on Wells | 637 N Wells St, Chicago, IL",1 Bed,"$2,372",https://www.zillow.com/apartments/chicago-il/the-gallery-on-wells/B6hqMJ/
"The Gallery on Wells | 637 N Wells St, Chicago, IL",2 Bed,"$2,961",https://www.zillow.com/apartments/chicago-il/the-gallery-on-wells/B6hqMJ/
"5252 | 5252 S Cornell Ave, Chicago, IL",Studio,"$2,895",https://www.zillow.com/apartments/chicago-il/5252/BNLHmR/
"5252 | 5252 S Cornell Ave, Chicago, IL",1 Bed,"$2,600",https://www.zillow.com/apartments/chicago-il/5252/BNLHmR/
"5252 | 5252 S Cornell Ave, Chicago, IL",2 Bed,"$3,700",https://www.zillow.com/apartments/chicago-il/5252/BNLHmR/
"6454 N NW Highway, 6454 N Northwest Hwy, Chicago, IL 60631",1 Bed,"$4,995",https://www.zillow.com/apartments/chicago-il/6454-n-nw-highway/5fvqfd/
"727 West Madison | 727 W Madison St, Chicago, IL",Studio,"$2,120",https://www.zillow.com/apartments/chicago-il/727-west-madison/BCgw9T/
"727 West Madison | 727 W Madison St, Chicago, IL",1 Bed,"$2,790",https://www.zillow.com/apartments/chicago-il/727-west-madison/BCgw9T/
"727 West Madison | 727 W Madison St, Chicago, IL",2 Bed,"$4,075",https://www.zillow.com/apartments/chicago-il/727-west-madison/BCgw9T/
"Monroe Laflin Place | 104 S Laflin St, Chicago, IL",2 Bed,"$3,178",https://www.zillow.com/apartments/chicago-il/monroe-laflin-place/Bw6GS5/
"Portrait | 948 W Sunnyside Ave, Chicago, IL",Studio,"$1,642",https://www.zillow.com/apartments/chicago-il/portrait/CJbtLN/
"Portrait | 948 W Sunnyside Ave, Chicago, IL",2 Bed,"$3,156",https://www.zillow.com/apartments/chicago-il/portrait/CJbtLN/
"Monroe Aberdeen Place | 1050 W Monroe St, Chicago, IL",2 Bed,"$3,328",https://www.zillow.com/apartments/chicago-il/monroe-aberdeen-place/BG8kTP/
"1261 W Argyle, 1261 W Argyle St, Chicago, IL 60640",1 Bed,"$1,579",https://www.zillow.com/homedetails/1261-W-Argyle-St-80A050EEB-Chicago-IL-60640/2055055065_zpid/
"The Lofts at Gin Alley | 120 N Green St, Chicago, IL",Studio,"$2,399",https://www.zillow.com/apartments/chicago-il/the-lofts-at-gin-alley/DMyz/
"The Lofts at Gin Alley | 120 N Green St, Chicago, IL",1 Bed,"$2,700",https://www.zillow.com/apartments/chicago-il/the-lofts-at-gin-alley/DMyz/
"The Lofts at Gin Alley | 120 N Green St, Chicago, IL",2 Bed,"$3,806",https://www.zillow.com/apartments/chicago-il/the-lofts-at-gin-alley/DMyz/
"Hubbard 221 | 221 W Hubbard St, Chicago, IL",Studio,"$1,919",https://www.zillow.com/apartments/chicago-il/hubbard-221/9r3Qrd/
"Hubbard 221 | 221 W Hubbard St, Chicago, IL",1 Bed,"$2,520",https://www.zillow.com/apartments/chicago-il/hubbard-221/9r3Qrd/
"Hubbard 221 | 221 W Hubbard St, Chicago, IL",2 Bed,"$3,478",https://www.zillow.com/apartments/chicago-il/hubbard-221/9r3Qrd/
"455 West Wellington | 455 W Wellington Ave, Chicago, IL",Studio,"$1,383",https://www.zillow.com/apartments/chicago-il/455-west-wellington/5XhYKC/
"455 West Wellington | 455 W Wellington Ave, Chicago, IL",1 Bed,"$1,687",https://www.zillow.com/apartments/chicago-il/455-west-wellington/5XhYKC/
"River North Park Apartments and Townhomes | 320 W Illinois St, Chicago, IL",Studio,"$1,695",https://www.zillow.com/apartments/chicago-il/river-north-park-apartments-and-townhomes/5XjBK4/
"River North Park Apartments and Townhomes | 320 W Illinois St, Chicago, IL",1 Bed,"$2,105",https://www.zillow.com/apartments/chicago-il/river-north-park-apartments-and-townhomes/5XjBK4/
"River North Park Apartments and Townhomes | 320 W Illinois St, Chicago, IL",2 Bed,"$2,835",https://www.zillow.com/apartments/chicago-il/river-north-park-apartments-and-townhomes/5XjBK4/
"517 W. Oakdale, 517 W Oakdale Ave, Chicago, IL 60657",Studio,"$5,000",https://www.zillow.com/apartments/chicago-il/517-w.-oakdale/5XctKq/
"1100 North Dearborn | 1100 N Dearborn St, Chicago, IL",Studio,"$1,630",https://www.zillow.com/apartments/chicago-il/1100-north-dearborn/5XgyD4/
"1100 North Dearborn | 1100 N Dearborn St, Chicago, IL",1 Bed,"$1,950",https://www.zillow.com/apartments/chicago-il/1100-north-dearborn/5XgyD4/
"The Shelby | 2300 S Michigan Ave, Chicago, IL",1 Bed,"$2,012",https://www.zillow.com/apartments/chicago-il/the-shelby/5XkX2x/
"Old Franklin Building, 525 S Dearborn St APT 302, Chicago, IL 60605",Studio,"$1,595",https://www.zillow.com/apartments/chicago-il/old-franklin-building/5jQZTS/
"Arkadia West Loop | 765 W Adams St, Chicago, IL",Studio,"$1,846",https://www.zillow.com/apartments/chicago-il/arkadia-west-loop/BLV4/
"Arkadia West Loop | 765 W Adams St, Chicago, IL",1 Bed,"$2,080",https://www.zillow.com/apartments/chicago-il/arkadia-west-loop/BLV4/
"Arkadia West Loop | 765 W Adams St, Chicago, IL",2 Bed,"$3,235",https://www.zillow.com/apartments/chicago-il/arkadia-west-loop/BLV4/
"Cortland Flats | 3043 W Cortland St, Chicago, IL",2 Bed,"$2,300",https://www.zillow.com/apartments/chicago-il/cortland-flats/9y2Z/
"Flair Tower | 222 W Erie St, Chicago, IL",1 Bed,"$2,065",https://www.zillow.com/apartments/chicago-il/flair-tower/5XjBzC/
"Flair Tower | 222 W Erie St, Chicago, IL",2 Bed,"$3,430",https://www.zillow.com/apartments/chicago-il/flair-tower/5XjBzC/
"The Wilson Club, 1124 W Wilson Ave, Chicago, IL 60640",Studio,"$1,275",https://www.zillow.com/apartments/chicago-il/the-wilson-club/9S4PCX/
"6200 North Hoyne Ave | 6200 N Hoyne Ave, Chicago, IL",Studio,"$1,050",https://www.zillow.com/apartments/chicago-il/6200-north-hoyne-ave/5Xf9R9/
"6200 North Hoyne Ave | 6200 N Hoyne Ave, Chicago, IL",1 Bed,"$1,350",https://www.zillow.com/apartments/chicago-il/6200-north-hoyne-ave/5Xf9R9/
"6200 North Hoyne Ave | 6200 N Hoyne Ave, Chicago, IL",2 Bed,"$1,550",https://www.zillow.com/apartments/chicago-il/6200-north-hoyne-ave/5Xf9R9/
"Winthrop Suites Apartments, 5633 N Winthrop Ave APT 405, Chicago, IL 60660",1 Bed,"$1,295",https://www.zillow.com/apartments/chicago-il/winthrop-suites-apartments/5XfXhV/
"The Blackwood | 5200 S Blackstone Ave, Chicago, IL",1 Bed,"$1,545",https://www.zillow.com/apartments/chicago-il/the-blackwood/5XjVRy/
"The Blackwood | 5200 S Blackstone Ave, Chicago, IL",2 Bed,"$1,750",https://www.zillow.com/apartments/chicago-il/the-blackwood/5XjVRy/
"9300 S Bishop St Apartments, 9300 S Bishop St, Chicago, IL 60620",2 Bed,"$1,300",https://www.zillow.com/apartments/chicago-il/9300-s-bishop-st-apartments/5Xh4fv/
"5536 Sheridan, 5536 N Sheridan Rd #505, Chicago, IL 60640",Studio,"$1,413",https://www.zillow.com/apartments/chicago-il/5536-sheridan/9S4Xwk/
"Circa 922 | 922 W Washington Blvd, Chicago, IL",Studio,"$2,189",https://www.zillow.com/apartments/chicago-il/circa-922/63D84S/
"Circa 922 | 922 W Washington Blvd, Chicago, IL",1 Bed,"$2,515",https://www.zillow.com/apartments/chicago-il/circa-922/63D84S/
"Circa 922 | 922 W Washington Blvd, Chicago, IL",2 Bed,"$3,417",https://www.zillow.com/apartments/chicago-il/circa-922/63D84S/
"6825 N. Sheridan Rd | 6825 N Sheridan Rd, Chicago, IL",Studio,"$1,075",https://www.zillow.com/apartments/chicago-il/6825-n.-sheridan-rd/5XcTP9/
"6825 N. Sheridan Rd | 6825 N Sheridan Rd, Chicago, IL",1 Bed,"$1,250",https://www.zillow.com/apartments/chicago-il/6825-n.-sheridan-rd/5XcTP9/
"NEXT Apartments | 347 W Chestnut St, Chicago, IL",Studio,"$2,066",https://www.zillow.com/apartments/chicago-il/next-apartments/65gycw/
"NEXT Apartments | 347 W Chestnut St, Chicago, IL",1 Bed,"$2,422",https://www.zillow.com/apartments/chicago-il/next-apartments/65gycw/
"NEXT Apartments | 347 W Chestnut St, Chicago, IL",2 Bed,"$3,287",https://www.zillow.com/apartments/chicago-il/next-apartments/65gycw/
"73 East Lake | 73 E Lake St, Chicago, IL",Studio,"$2,771",https://www.zillow.com/apartments/chicago-il/73-east-lake/5Xg9yq/
"73 East Lake | 73 E Lake St, Chicago, IL",1 Bed,"$3,053",https://www.zillow.com/apartments/chicago-il/73-east-lake/5Xg9yq/
"73 East Lake | 73 E Lake St, Chicago, IL",2 Bed,"$3,951",https://www.zillow.com/apartments/chicago-il/73-east-lake/5Xg9yq/
"73 East Lake | 73 E Lake St, Chicago, IL",Studio,"$2,751",https://www.zillow.com/b/73-east-lake-chicago-il-9jVbTQ/
"73 East Lake | 73 E Lake St, Chicago, IL",1 Bed,"$2,993",https://www.zillow.com/b/73-east-lake-chicago-il-9jVbTQ/
"73 East Lake | 73 E Lake St, Chicago, IL",2 Bed,"$3,671",https://www.zillow.com/b/73-east-lake-chicago-il-9jVbTQ/
"The Fleetwood, 6026 N Winthrop Ave APT 6A, Chicago, IL 60660",1 Bed,"$1,595",https://www.zillow.com/b/the-fleetwood-chicago-il-Cc5k69/
"The Fleetwood | 6026 N Winthrop Ave, Chicago, IL",Studio,"$1,295",https://www.zillow.com/apartments/chicago-il/the-fleetwood/5XfKDr/
"The Fleetwood | 6026 N Winthrop Ave, Chicago, IL",2 Bed,"$1,995",https://www.zillow.com/apartments/chicago-il/the-fleetwood/5XfKDr/
"426 W. Surf, 426 W Surf St, Chicago, IL 60657",1 Bed,"$1,545",https://www.zillow.com/apartments/chicago-il/426-w.-surf/5XfTvR/
"2536 Sawyer LLC, 2536 N Sawyer Ave APT 409, Chicago, IL 60647",1 Bed,"$1,350",https://www.zillow.com/apartments/chicago-il/2536-sawyer-llc/9hJghC/
"2950 North Sheridan | 2950 N Sheridan Rd, Chicago, IL",2 Bed,"$4,470",https://www.zillow.com/apartments/chicago-il/2950-north-sheridan/B677wB/
"318 W. Grand Ave., 318 W Grand Ave #204, Chicago, IL 60654",2 Bed,"$3,552",https://www.zillow.com/apartments/chicago-il/318-w.-grand-ave./CPK3/
"5222-38 S. Drexel Avenue | 5222 S Drexel Ave, Chicago, IL",2 Bed,"$1,695",https://www.zillow.com/apartments/chicago-il/5222.dash.38-s.-drexel-avenue/5Xh7Gq/
"2779 Milwaukee LLC, 2779 N Milwaukee Ave #135, Chicago, IL 60647",Studio,"$1,050",https://www.zillow.com/apartments/chicago-il/2779-milwaukee-llc/CPkC/
"Buena Terrace - 4242 N Sheridan Rd | 4242 N Sheridan Rd, Chicago, IL",Studio,"$1,299",https://www.zillow.com/apartments/chicago-il/buena-terrace-.dash.-4242-n-sheridan-rd/5Xd76x/
"Buena Terrace - 4242 N Sheridan Rd | 4242 N Sheridan Rd, Chicago, IL",1 Bed,"$1,221",https://www.zillow.com/apartments/chicago-il/buena-terrace-.dash.-4242-n-sheridan-rd/5Xd76x/
"Imprint | 717 S Clark St, Chicago, IL",Studio,"$2,065",https://www.zillow.com/apartments/chicago-il/imprint/BNKLQF/
"Imprint | 717 S Clark St, Chicago, IL",1 Bed,"$2,190",https://www.zillow.com/apartments/chicago-il/imprint/BNKLQF/
"Imprint | 717 S Clark St, Chicago, IL",2 Bed,"$3,250",https://www.zillow.com/apartments/chicago-il/imprint/BNKLQF/
"Marlowe | 169 W Huron St, Chicago, IL",1 Bed,"$2,195",https://www.zillow.com/apartments/chicago-il/marlowe/5ZJqpF/
"Marlowe | 169 W Huron St, Chicago, IL",2 Bed,"$3,893",https://www.zillow.com/apartments/chicago-il/marlowe/5ZJqpF/
"Pittsfield Apartments | 55 E Washington St, Chicago, IL",2 Bed,"$2,295",https://www.zillow.com/apartments/chicago-il/pittsfield-apartments/9PsH/
"1572 N Milwaukee, 1572 N Milwaukee Ave, Chicago, IL 60622",1 Bed,"$2,300",https://www.zillow.com/homedetails/1572-N-Milwaukee-Ave-CB284A51E-Chicago-IL-60622/2054616118_zpid/
"424 W. Diversey, 424 W Diversey Pkwy, Chicago, IL 60614",Studio,"$1,255",https://www.zillow.com/apartments/chicago-il/424-w.-diversey/F8Bc/
"Lakeview 3200 Apartments | 3218 N Clark St, Chicago, IL",1 Bed,"$2,249",https://www.zillow.com/apartments/chicago-il/lakeview-3200-apartments/B7mT63/
"4731 N Western | 4731 N Western Ave, Chicago, IL",1 Bed,"$1,795",https://www.zillow.com/apartments/chicago-il/4731-n-western/9zBq/
"4731 N Western | 4731 N Western Ave, Chicago, IL",2 Bed,"$2,395",https://www.zillow.com/apartments/chicago-il/4731-n-western/9zBq/
"742 W. Fullerton, 742 W Fullerton Ave, Chicago, IL 60614",1 Bed,"$5,000",https://www.zillow.com/apartments/chicago-il/742-w.-fullerton/5XgfCF/
"839 Diversey, 839 W Diversey Pkwy, Chicago, IL 60614",Studio,"$5,000",https://www.zillow.com/b/839-diversey-chicago-il-9dgM/
"5625 North Winthrop | 5625 N Winthrop Ave, Chicago, IL",1 Bed,$995,https://www.zillow.com/apartments/chicago-il/5625-north-winthrop/5Xfb4v/
"Maynard At Elaine Place, 3444 N Elaine Pl, Chicago, IL 60657",2 Bed,"$2,045",https://www.zillow.com/homedetails/3444-N-Elaine-Pl-Chicago-IL-60657/2105648409_zpid/
"1049 West Oakdale | 1049 W Oakdale Ave, Chicago, IL",Studio,"$1,174",https://www.zillow.com/apartments/chicago-il/1049-west-oakdale/5Xcv83/
"1049 West Oakdale | 1049 W Oakdale Ave, Chicago, IL",1 Bed,"$1,679",https://www.zillow.com/apartments/chicago-il/1049-west-oakdale/5Xcv83/
"The Legacy HB at Clarendon Park | 4520 N Clarendon Ave, Chicago, IL",1 Bed,"$1,600",https://www.zillow.com/apartments/chicago-il/the-legacy-hb-at-clarendon-park/5Xh8BS/
"The Legacy HB at Clarendon Park | 4520 N Clarendon Ave, Chicago, IL",2 Bed,"$2,200",https://www.zillow.com/apartments/chicago-il/the-legacy-hb-at-clarendon-park/5Xh8BS/
"711 West Belmont, 711 W Belmont Ave, Chicago, IL 60657",Studio,"$1,095",https://www.zillow.com/apartments/chicago-il/711-west-belmont/Dbsv/
"7333 Ridge, 7333 N Ridge Blvd APT 509, Chicago, IL 60645",1 Bed,"$1,295",https://www.zillow.com/apartments/chicago-il/7333-ridge/5XgqcL/
"660 West Wrightwood, 660 W Wrightwood Ave, Chicago, IL 60614",1 Bed,"$1,695",https://www.zillow.com/apartments/chicago-il/660-west-wrightwood/5Xg2J4/
"Marshfield Apartments, 3413-21 N Marshfield Ave #34193E, Chicago, IL 60657",1 Bed,"$1,525",https://www.zillow.com/apartments/chicago-il/marshfield-apartments/9hG4D3/
"The Western | 1920 N Milwaukee Ave, Chicago, IL",2 Bed,"$3,200",https://www.zillow.com/apartments/chicago-il/the-western/9S5M2Q/
"5137 N Broadway, 5137 N Broadway St #202, Chicago, IL 60640",2 Bed,"$2,550",https://www.zillow.com/apartments/chicago-il/5137-n-broadway/9S4VwS/
"The Sheridan Pratt | 6758 N Sheridan Rd, Chicago, IL",Studio,"$1,275",https://www.zillow.com/apartments/chicago-il/the-sheridan-pratt/5XjBTP/
"The Sheridan Pratt | 6758 N Sheridan Rd, Chicago, IL",1 Bed,"$1,525",https://www.zillow.com/apartments/chicago-il/the-sheridan-pratt/5XjBTP/
"The Sheridan Pratt | 6758 N Sheridan Rd, Chicago, IL",2 Bed,"$1,775",https://www.zillow.com/apartments/chicago-il/the-sheridan-pratt/5XjBTP/
"Monark | 4410 N Clark St, Chicago, IL",2 Bed,"$2,395",https://www.zillow.com/apartments/chicago-il/monark/9S4RB6/
"Drexel Grand | 5220 S Drexel Ave, Chicago, IL",Studio,"$1,150",https://www.zillow.com/apartments/chicago-il/drexel-grand/5XhXYY/
"Drexel Grand | 5220 S Drexel Ave, Chicago, IL",1 Bed,"$1,435",https://www.zillow.com/apartments/chicago-il/drexel-grand/5XhXYY/
"Drexel Grand | 5220 S Drexel Ave, Chicago, IL",2 Bed,"$1,495",https://www.zillow.com/apartments/chicago-il/drexel-grand/5XhXYY/
"The Onyx on Carmen | 915 W Carmen Ave, Chicago, IL",1 Bed,$963,https://www.zillow.com/apartments/chicago-il/the-onyx-on-carmen/5XdVrc/
"1040 Hollywood | 1040 W Hollywood Ave, Chicago, IL",Studio,"$1,095",https://www.zillow.com/apartments/chicago-il/1040-hollywood/9WNX/
"1040 Hollywood | 1040 W Hollywood Ave, Chicago, IL",1 Bed,"$1,225",https://www.zillow.com/apartments/chicago-il/1040-hollywood/9WNX/
"The Elevation Lofts | 1531 W Howard St, Chicago, IL",Studio,"$1,550",https://www.zillow.com/apartments/chicago-il/the-elevation-lofts/BMwvfR/
"The Elevation Lofts | 1531 W Howard St, Chicago, IL",2 Bed,"$2,200",https://www.zillow.com/apartments/chicago-il/the-elevation-lofts/BMwvfR/
"One Six Six | 166 N Aberdeen St, Chicago, IL",Studio,"$2,140",https://www.zillow.com/apartments/chicago-il/one-six-six/9Rx6Tz/
"One Six Six | 166 N Aberdeen St, Chicago, IL",1 Bed,"$2,826",https://www.zillow.com/apartments/chicago-il/one-six-six/9Rx6Tz/
"One Six Six | 166 N Aberdeen St, Chicago, IL",2 Bed,"$3,915",https://www.zillow.com/apartments/chicago-il/one-six-six/9Rx6Tz/
"7526-36 S Colfax Ave, 7526-36 S Colfax Ave #36-2B, Chicago, IL 60649",2 Bed,"$1,195",https://www.zillow.com/apartments/chicago-il/7526.dash.36-s-colfax-ave/9n6tZS/
"Two West | 2 W Delaware Pl, Chicago, IL",1 Bed,"$3,405",https://www.zillow.com/apartments/chicago-il/two-west/5XjYhw/
"Two West | 2 W Delaware Pl, Chicago, IL",2 Bed,"$4,475",https://www.zillow.com/apartments/chicago-il/two-west/5XjYhw/
"4500 N Winchester, 4500 N Winchester Ave, Chicago, IL 60640",2 Bed,"$1,650",https://www.zillow.com/apartments/chicago-il/4500-n-winchester/5XgMGx/
"Arrive South Loop | 1935 S Wabash Ave, Chicago, IL",1 Bed,"$1,900",https://www.zillow.com/apartments/chicago-il/arrive-south-loop/5Xfzqt/
"Arrive South Loop | 1935 S Wabash Ave, Chicago, IL",2 Bed,"$2,265",https://www.zillow.com/apartments/chicago-il/arrive-south-loop/5Xfzqt/
"The Morse Wolcott | 1902 W Morse Ave, Chicago, IL",2 Bed,"$1,900",https://www.zillow.com/apartments/chicago-il/the-morse-wolcott/5XjGhj/
"5325 S. Hyde Park Boulevard, 5325 S Hyde Park Blvd #B1, Chicago, IL 60615",1 Bed,"$1,700",https://www.zillow.com/apartments/chicago-il/5325-s.-hyde-park-boulevard/5XfhNP/
"813-31 West Waveland | 813 W Waveland Ave, Chicago, IL",1 Bed,"$1,550",https://www.zillow.com/apartments/chicago-il/813.dash.31-west-waveland/5XcvKg/
"813-31 West Waveland | 813 W Waveland Ave, Chicago, IL",2 Bed,"$1,995",https://www.zillow.com/apartments/chicago-il/813.dash.31-west-waveland/5XcvKg/
"4101-13 N. Kedzie / 3148-56 W. Belle Plaine | 4101 N Kedzie Ave, Chicago, IL",1 Bed,"$1,275",https://www.zillow.com/apartments/chicago-il/4101.dash.13-n.-kedzie-3148.dash.56-w.-belle-plaine/F4tQ/
"632 West Addison, 632 W Addison St, Chicago, IL 60613",1 Bed,"$1,560",https://www.zillow.com/apartments/chicago-il/632-west-addison/5XcZFX/
"MODE Logan Square | 1950 N Campbell Ave, Chicago, IL",Studio,"$1,694",https://www.zillow.com/apartments/chicago-il/mode-logan-square/B63kkD/
"MODE Logan Square | 1950 N Campbell Ave, Chicago, IL",2 Bed,"$4,460",https://www.zillow.com/apartments/chicago-il/mode-logan-square/B63kkD/
"2051 N. Sedgwick, 2051 N Sedgwick St, Chicago, IL 60614",Studio,"$1,225",https://www.zillow.com/apartments/chicago-il/2051-n.-sedgwick/5XgmmT/
"2244 N. Cleveland, 2244 N Cleveland Ave, Chicago, IL 60614",Studio,"$1,195",https://www.zillow.com/apartments/chicago-il/2244-n.-cleveland/5XjCcf/
"Eleven40 | 1140 S Wabash Ave, Chicago, IL",Studio,"$1,615",https://www.zillow.com/apartments/chicago-il/eleven40/9Rwpvh/
"Eleven40 | 1140 S Wabash Ave, Chicago, IL",1 Bed,"$1,891",https://www.zillow.com/apartments/chicago-il/eleven40/9Rwpvh/
"Eleven40 | 1140 S Wabash Ave, Chicago, IL",2 Bed,"$3,127",https://www.zillow.com/apartments/chicago-il/eleven40/9Rwpvh/
"Motley School Apartments, 739 N Ada St #739-202, Chicago, IL 60642",2 Bed,"$4,200",https://www.zillow.com/apartments/chicago-il/motley-school-apartments/9S4nYk/
"1623 W Belmont | 1623 W Belmont Ave, Chicago, IL",1 Bed,"$1,495",https://www.zillow.com/apartments/chicago-il/1623-w-belmont/9zHk/
"596 West Hawthorne, 596 W Hawthorne Pl, Chicago, IL 60657",Studio,"$1,289",https://www.zillow.com/apartments/chicago-il/596-west-hawthorne/5Xj9yk/
"Cleveland Apartments, 2048 N Cleveland Ave #209, Chicago, IL 60614",Studio,"$1,295",https://www.zillow.com/apartments/chicago-il/cleveland-apartments/5XfWC2/
"Solstice on the Park | 1616 E 56th St, Chicago, IL",1 Bed,"$2,700",https://www.zillow.com/apartments/chicago-il/solstice-on-the-park/9ht9g2/
"Solstice on the Park | 1616 E 56th St, Chicago, IL",2 Bed,"$3,500",https://www.zillow.com/apartments/chicago-il/solstice-on-the-park/9ht9g2/
"The June | 5155 N Broadway St, Chicago, IL",Studio,"$1,290",https://www.zillow.com/apartments/chicago-il/the-june/CSCK/
"The June | 5155 N Broadway St, Chicago, IL",1 Bed,"$1,825",https://www.zillow.com/apartments/chicago-il/the-june/CSCK/
"5128-5132 S. Cornell Avenue, 5128-5132 S Cornell Ave #5132-3, Chicago, IL 60615",2 Bed,"$1,695",https://www.zillow.com/apartments/chicago-il/5128.dash.5132-s.-cornell-avenue/9ggKFv/
"5326-5336 S. Greenwood Avenue | 5326-5336 S Greenwood Ave, Chicago, IL",2 Bed,"$1,900",https://www.zillow.com/apartments/chicago-il/5326.dash.5336-s.-greenwood-avenue/9ggKHg/
"Woodlawn Court, 5218 S Woodlawn Ave #28-3W, Chicago, IL 60615",2 Bed,"$1,870",https://www.zillow.com/apartments/chicago-il/woodlawn-court/5XkrfF/
"Atrium West | 5908-5920 W 55th St, Chicago, IL",2 Bed,"$1,300",https://www.zillow.com/apartments/chicago-il/atrium-west/BFLQwK/
"148 N La Crosse Ave, 148 N La Crosse Ave #4834-2, Chicago, IL 60644",2 Bed,"$1,280",https://www.zillow.com/apartments/chicago-il/148-n-la-crosse-ave/5XhF7c/
"Sheridan Terrace - 6725 N Sheridan Rd, 6725 N Sheridan Rd, Chicago, IL 60626",1 Bed,"$1,200",https://www.zillow.com/apartments/chicago-il/sheridan-terrace-.dash.-6725-n-sheridan-rd/5Xfcjm/
"Cityfront Place | 400 N McClurg Ct, Chicago, IL",Studio,"$2,000",https://www.zillow.com/apartments/chicago-il/cityfront-place/5XhfWf/
"Cityfront Place | 400 N McClurg Ct, Chicago, IL",1 Bed,"$2,124",https://www.zillow.com/apartments/chicago-il/cityfront-place/5XhfWf/
"Cityfront Place | 400 N McClurg Ct, Chicago, IL",2 Bed,"$3,486",https://www.zillow.com/apartments/chicago-il/cityfront-place/5XhfWf/
"7317 S Chappel | 7317 S Chappel Ave, Chicago, IL",1 Bed,$945 ,https://www.zillow.com/apartments/chicago-il/7317-s-chappel/5Xh4TD/
"6400 S Rockwell St, 6400 S Rockwell St, Chicago, IL 60629",2 Bed,"$1,065",https://www.zillow.com/apartments/chicago-il/6400-s-rockwell-st/5XhRGC/
"6923-25 S Indiana Ave | 6923 S Indiana Ave, Chicago, IL",2 Bed,"$1,020",https://www.zillow.com/apartments/chicago-il/6923.dash.25-s-indiana-ave/5XkkqV/
"7102 S Luella, 7102 S Luella Ave APT 204, Chicago, IL 60649",Studio,$725,https://www.zillow.com/apartments/chicago-il/7102-s-luella/5XjCwQ/
"1351 W. Touhy Ave., 1351 W Touhy Ave #1355-3N, Chicago, IL 60626",2 Bed,"$1,500",https://www.zillow.com/apartments/chicago-il/1351-w.-touhy-ave./5XcKvZ/
"8251 S Ellis Ave | 8251 S Ellis Ave, Chicago, IL",1 Bed,$815 ,https://www.zillow.com/apartments/chicago-il/8251-s-ellis-ave/CRzQ/
"8001-09 S Ellis Ave, 8001-09 S Ellis Ave #8005-2B, Chicago, IL 60619",Studio,$680,https://www.zillow.com/apartments/chicago-il/8001.dash.09-s-ellis-ave/9h8BwF/
"4815 W Monroe St, 4815 W Monroe St #4823-3W, Chicago, IL 60644",1 Bed,"$1,070",https://www.zillow.com/apartments/chicago-il/4815-w-monroe-st/9S54Q4/
"1832-1842 North Humboldt Blvd | 1842 N Humboldt Blvd, Chicago, IL",1 Bed,"$1,495",https://www.zillow.com/apartments/chicago-il/1832.dash.1842-north-humboldt-blvd/CJTm/
"2710 E 83rd Street | 2710 E 83rd St, Chicago, IL",1 Bed,$860 ,https://www.zillow.com/apartments/chicago-il/2710-e-83rd-street/9hJxZ5/
"7944 S Paulina | 7944 S Paulina St, Chicago, IL",1 Bed,$805 ,https://www.zillow.com/apartments/chicago-il/7944-s-paulina/5XgTFP/
"7956 S Aberdeen St, 7956 S Aberdeen St #1110-2, Chicago, IL 60620",2 Bed,"$1,065",https://www.zillow.com/apartments/chicago-il/7956-s-aberdeen-st/BVZ9/
"5415 S. Woodlawn Avenue | 5415 S Woodlawn Ave, Chicago, IL",1 Bed,"$1,495",https://www.zillow.com/apartments/chicago-il/5415-s.-woodlawn-avenue/5XrRnP/
"5415 S. Woodlawn Avenue | 5415 S Woodlawn Ave, Chicago, IL",2 Bed,"$1,650",https://www.zillow.com/apartments/chicago-il/5415-s.-woodlawn-avenue/5XrRnP/
"109 N Laramie Ave | 109 N Laramie Ave, Chicago, IL",2 Bed,"$1,115",https://www.zillow.com/apartments/chicago-il/109-n-laramie-ave/9S52bB/
"7917-27 S Drexel Ave, 7917 S Drexel Ave #7919-1C, Chicago, IL 60619",1 Bed,$795,https://www.zillow.com/apartments/chicago-il/7917.dash.27-s-drexel-ave/5XjXWC/
"7801 S Saginaw, 7801 S Saginaw Ave APT 3, Chicago, IL 60649",2 Bed,$975,https://www.zillow.com/apartments/chicago-il/7801-s-saginaw/5XgF9H/
"The Chatelaine, 215 E Chestnut St #2152104, Chicago, IL 60611",1 Bed,"$2,230",https://www.zillow.com/apartments/chicago-il/the-chatelaine/5XfWLf/
"10719 S Calumet Ave, 10719 S Calumet Ave #3S, Chicago, IL 60628",2 Bed,"$1,195",https://www.zillow.com/apartments/chicago-il/10719-s-calumet-ave/9S2hyr/
"7263 S Coles, 7263 S Coles Ave #2610-2, Chicago, IL 60649",2 Bed,"$1,095",https://www.zillow.com/apartments/chicago-il/7263-s-coles/DHHF/
"The Morse Lakewood | 6929 N Lakewood Ave, Chicago, IL",2 Bed,"$1,900",https://www.zillow.com/apartments/chicago-il/the-morse-lakewood/CTHq/
"6715 S Dorchester, 6715 S Dorchester Ave #1400-3, Chicago, IL 60637",2 Bed,"$1,190",https://www.zillow.com/apartments/chicago-il/6715-s-dorchester/9S42xz/
"2235 E 71st St | 2235 E 71st St, Chicago, IL",Studio,$665 ,https://www.zillow.com/apartments/chicago-il/2235-e-71st-st/9S5Wft/
"511 West Melrose, 511 W Melrose St, Chicago, IL 60657",1 Bed,"$1,425",https://www.zillow.com/apartments/chicago-il/511-west-melrose/BBMQ/
"7701 S Stewart Ave | 7701 S Stewart Ave, Chicago, IL",1 Bed,$820 ,https://www.zillow.com/apartments/chicago-il/7701-s-stewart-ave/9RzhK9/
"5800 W Iowa St, 5800 W Iowa St #9081, Chicago, IL 60651",1 Bed,"$1,050",https://www.zillow.com/apartments/chicago-il/5800-w-iowa-st/5XjGNt/
"8001 S Marshfield Ave, 8001 S Marshfield Ave #1621-1, Chicago, IL 60620",1 Bed,$875,https://www.zillow.com/apartments/chicago-il/8001-s-marshfield-ave/5Xdks2/
"6751 S Jeffery Blvd | 6751 S Jeffery Blvd, Chicago, IL",Studio,$835 ,https://www.zillow.com/apartments/chicago-il/6751-s-jeffery-blvd/5Xct8b/
"6751 S Jeffery Blvd | 6751 S Jeffery Blvd, Chicago, IL",1 Bed,$925 ,https://www.zillow.com/apartments/chicago-il/6751-s-jeffery-blvd/5Xct8b/
"418-24 S Laramie Ave | 418 S Laramie Ave, Chicago, IL",1 Bed,"$1,005",https://www.zillow.com/apartments/chicago-il/418.dash.24-s-laramie-ave/Dhg2/
"418-24 S Laramie Ave | 418 S Laramie Ave, Chicago, IL",2 Bed,"$1,080",https://www.zillow.com/apartments/chicago-il/418.dash.24-s-laramie-ave/Dhg2/
"Broadway / Belmont, 604 Belmont Broadway #3200-6-320, Chicago, IL 60657",1 Bed,"$1,495",https://www.zillow.com/b/604-belmont-broadway-chicago-il-C4NCFR/
"8152 S Evans, 8152 S Evans Ave #714-1A, Chicago, IL 60619",Studio,$755,https://www.zillow.com/apartments/chicago-il/8152-s-evans/5Xt8zV/
"7953-59 S Dobson Ave | 7953 S Dobson Ave, Chicago, IL",Studio,$745 ,https://www.zillow.com/apartments/chicago-il/7953.dash.59-s-dobson-ave/5XjXWD/
"7953-59 S Dobson Ave | 7953 S Dobson Ave, Chicago, IL",1 Bed,$915 ,https://www.zillow.com/apartments/chicago-il/7953.dash.59-s-dobson-ave/5XjXWD/
"8640 S Ingleside Ave, 8640 S Ingleside Ave #2F, Chicago, IL 60619",2 Bed,$955,https://www.zillow.com/apartments/chicago-il/8640-s-ingleside-ave/9RzcXj/
"536 West Arlington | 536 W Arlington Pl, Chicago, IL",Studio,"$1,195",https://www.zillow.com/apartments/chicago-il/536-west-arlington/5XgB2t/
"536 West Arlington | 536 W Arlington Pl, Chicago, IL",1 Bed,"$1,550",https://www.zillow.com/apartments/chicago-il/536-west-arlington/5XgB2t/
"536 West Arlington | 536 W Arlington Pl, Chicago, IL",2 Bed,"$3,050",https://www.zillow.com/apartments/chicago-il/536-west-arlington/5XgB2t/
"1632 W. Belmont, 1632 W Belmont Ave, Chicago, IL 60657",Studio,$965,https://www.zillow.com/apartments/chicago-il/1632-w.-belmont/9Sy3/
"722 S Racine, 722 S Racine Ave #3, Chicago, IL 60607",2 Bed,"$1,800",https://www.zillow.com/apartments/chicago-il/722-s-racine/Dm2n/
"4735 Beacon | 4735 N Beacon St, Chicago, IL",Studio,$950 ,https://www.zillow.com/apartments/chicago-il/4735-beacon/CTxf/
"6210-16 S. Dorchester Ave. | 6210 S Dorchester Ave, Chicago, IL",2 Bed,"$1,295",https://www.zillow.com/apartments/chicago-il/6210.dash.16-s.-dorchester-ave./5Xgf43/
"Carriage House Lofts | 1545 S State St, Chicago, IL",2 Bed,"$2,698",https://www.zillow.com/apartments/chicago-il/carriage-house-lofts/5XgvLz/
"7539-53 N. Bell Ave., 7539 N Bell Ave #7549-1C, Chicago, IL 60645",2 Bed,"$1,475",https://www.zillow.com/b/7539-53-n.-bell-ave.-chicago-il-F73V/
"Park Fullerton by Reside | 325 W Fullerton Pkwy, Chicago, IL",1 Bed,"$2,890",https://www.zillow.com/apartments/chicago-il/park-fullerton-by-reside/5Xh3Cq/
"Park Fullerton by Reside | 325 W Fullerton Pkwy, Chicago, IL",2 Bed,"$3,900",https://www.zillow.com/apartments/chicago-il/park-fullerton-by-reside/5Xh3Cq/
"5800 N Sheridan | 5800 N Sheridan Rd, Chicago, IL",Studio,"$1,200",https://www.zillow.com/apartments/chicago-il/5800-n-sheridan/5Xnc8C/
"5800 N Sheridan | 5800 N Sheridan Rd, Chicago, IL",1 Bed,"$1,495",https://www.zillow.com/apartments/chicago-il/5800-n-sheridan/5Xnc8C/
"5800 N Sheridan | 5800 N Sheridan Rd, Chicago, IL",2 Bed,"$1,995",https://www.zillow.com/apartments/chicago-il/5800-n-sheridan/5Xnc8C/
"1022 W. Dakin, 1022 W Dakin St, Chicago, IL 60613",1 Bed,"$5,000",https://www.zillow.com/b/1022-w.-dakin-chicago-il-5XhPff/
"4363 N Kenmore Apartments | 4363 N Kenmore Ave, Chicago, IL",Studio,$925 ,https://www.zillow.com/apartments/chicago-il/4363-n-kenmore-apartments/9RyN2w/
